{
  "parent": "minecraft:item/handheld",
  "textures": {
    "layer0": "minecraft:custom/5"
  },
  "elements": [
    {
      "from": [8.5, 0, 8],
      "to": [9, 16, 8.5],
      "faces": {
        "north": { "uv": [0.5, 0, 1, 16], "texture": "#layer0" },
        "south": { "uv": [0.5, 0, 1, 16], "texture": "#layer0" },
        "west":  { "uv": [0.5, 0, 1, 16], "texture": "#layer0" },
        "east":  { "uv": [0.5, 0, 1, 16], "texture": "#layer0" }
      }
    }
  ],
  "display": {
    "head": {
      "translation": [0, -10, 0],
      "scale": [5, 5, 5]
    }
  }
}
